{
  "validation": {
    "case": "two_dimensional_local_window_stress_quick_validation",
    "checks": [
      {
        "case": "exact_ptm_vs_sparse_l2_plaquette_xy",
        "observed": 2.7725887222397825,
        "expected": 2.772588722239781,
        "abs_error": 1.3322676295501878e-15,
        "passed": true
      },
      {
        "case": "l3_plaquette_xy_below_all_pauli",
        "observed_ratio": 0.0005722036197177129,
        "passed": true
      },
      {
        "case": "l3_no_sparse_cap",
        "capped_labels": 0,
        "passed": true
      }
    ],
    "max_abs_error": 1.3322676295501878e-15,
    "plaquette_ratio": 0.0005722036197177129,
    "passed": true
  },
  "summary": {
    "largest_lattice_L": 6,
    "largest_n": 36,
    "max_selected_over_all_at_largest_lattice": 5.479597307945954e-18,
    "plaquette_xy_k90_per_plaquette": 931.56,
    "plaquette_xy_selected_over_all": 5.479597307945954e-18,
    "capped_labels_total": 0
  },
  "workload_rows": [
    {
      "family": "two_dimensional_local_window_stress",
      "lattice_L": 3,
      "n_qubits": 9,
      "depth": 2,
      "task": "site_z",
      "task_description": "single-site Z probes on a square lattice",
      "support_size": 1,
      "local_units": 9,
      "task_p2": 0.4480247225269604,
      "exp_task_p2": 1.565217391304348,
      "k90": 22.0,
      "log10_k90": 1.3424226808222062,
      "k90_per_local_unit": 2.4444444444444446,
      "terminal_support": 29.0,
      "labels_requested": 9,
      "labels_used": 9,
      "capped_labels": 0,
      "avg_terminal_terms": 3.2222222222222223,
      "all_pauli_log10_k90": 5.372782431390987,
      "log10_k90_over_all_pauli": -4.030359750568781,
      "k90_over_all_pauli": 9.324815538194424e-05
    },
    {
      "family": "two_dimensional_local_window_stress",
      "lattice_L": 3,
      "n_qubits": 9,
      "depth": 2,
      "task": "site_xy",
      "task_description": "single-site X/Y probes on a square lattice",
      "support_size": 1,
      "local_units": 9,
      "task_p2": 1.7244172648984042,
      "exp_task_p2": 5.609251369446134,
      "k90": 223.0,
      "log10_k90": 2.3483048630481607,
      "k90_per_local_unit": 24.77777777777778,
      "terminal_support": 626.0,
      "labels_requested": 18,
      "labels_used": 18,
      "capped_labels": 0,
      "avg_terminal_terms": 39.22222222222222,
      "all_pauli_log10_k90": 5.372782431390987,
      "log10_k90_over_all_pauli": -3.024477568342826,
      "k90_over_all_pauli": 0.0009451972113715267
    },
    {
      "family": "two_dimensional_local_window_stress",
      "lattice_L": 3,
      "n_qubits": 9,
      "depth": 2,
      "task": "bond_xx",
      "task_description": "nearest-neighbor XX bond terms on a square lattice",
      "support_size": 2,
      "local_units": 12,
      "task_p2": 2.3275524015130142,
      "exp_task_p2": 10.25281602002503,
      "k90": 333.0,
      "log10_k90": 2.5224442335063197,
      "k90_per_local_unit": 27.75,
      "terminal_support": 614.0,
      "labels_requested": 12,
      "labels_used": 12,
      "capped_labels": 0,
      "avg_terminal_terms": 79.5,
      "all_pauli_log10_k90": 5.372782431390987,
      "log10_k90_over_all_pauli": -2.850338197884667,
      "k90_over_all_pauli": 0.001411437988281248
    },
    {
      "family": "two_dimensional_local_window_stress",
      "lattice_L": 3,
      "n_qubits": 9,
      "depth": 2,
      "task": "plaquette_xy",
      "task_description": "all transverse X/Y strings on each square plaquette",
      "support_size": 4,
      "local_units": 4,
      "task_p2": 4.706848254075119,
      "exp_task_p2": 110.70270270270267,
      "k90": 4117.0,
      "log10_k90": 3.614580866997486,
      "k90_per_local_unit": 1029.25,
      "terminal_support": 5320.0,
      "labels_requested": 64,
      "labels_used": 64,
      "capped_labels": 0,
      "avg_terminal_terms": 357.25,
      "all_pauli_log10_k90": 5.372782431390987,
      "log10_k90_over_all_pauli": -1.758201564393501,
      "k90_over_all_pauli": 0.01745012071397567
    },
    {
      "family": "two_dimensional_local_window_stress",
      "lattice_L": 3,
      "n_qubits": 9,
      "depth": NaN,
      "task": "all_pauli",
      "task_description": "uniform all-Pauli endpoint, analytic",
      "support_size": NaN,
      "local_units": NaN,
      "task_p2": NaN,
      "exp_task_p2": NaN,
      "k90": 235929.60000000027,
      "log10_k90": 5.372782431390987,
      "k90_per_local_unit": NaN,
      "terminal_support": 262144.0000000001,
      "labels_requested": NaN,
      "labels_used": NaN,
      "capped_labels": 0,
      "avg_terminal_terms": NaN,
      "all_pauli_log10_k90": 5.372782431390987,
      "log10_k90_over_all_pauli": 0.0,
      "k90_over_all_pauli": 1.0
    },
    {
      "family": "two_dimensional_local_window_stress",
      "lattice_L": 4,
      "n_qubits": 16,
      "depth": 2,
      "task": "site_z",
      "task_description": "single-site Z probes on a square lattice",
      "support_size": 1,
      "local_units": 16,
      "task_p2": 0.514739523087127,
      "exp_task_p2": 1.673202614379085,
      "k90": 34.0,
      "log10_k90": 1.5314789170422551,
      "k90_per_local_unit": 2.125,
      "terminal_support": 54.0,
      "labels_requested": 16,
      "labels_used": 16,
      "capped_labels": 0,
      "avg_terminal_terms": 3.375,
      "all_pauli_log10_k90": 9.587202370686724,
      "log10_k90_over_all_pauli": -8.055723453644468,
      "k90_over_all_pauli": 8.79582431581285e-09
    },
    {
      "family": "two_dimensional_local_window_stress",
      "lattice_L": 4,
      "n_qubits": 16,
      "depth": 2,
      "task": "site_xy",
      "task_description": "single-site X/Y probes on a square lattice",
      "support_size": 1,
      "local_units": 16,
      "task_p2": 1.4055209824643546,
      "exp_task_p2": 4.0776505724240915,
      "k90": 205.0,
      "log10_k90": 2.311753861055754,
      "k90_per_local_unit": 12.8125,
      "terminal_support": 323.0,
      "labels_requested": 32,
      "labels_used": 32,
      "capped_labels": 0,
      "avg_terminal_terms": 17.40625,
      "all_pauli_log10_k90": 9.587202370686724,
      "log10_k90_over_all_pauli": -7.275448509630969,
      "k90_over_all_pauli": 5.303364661004802e-08
    },
    {
      "family": "two_dimensional_local_window_stress",
      "lattice_L": 4,
      "n_qubits": 16,
      "depth": 2,
      "task": "bond_xx",
      "task_description": "nearest-neighbor XX bond terms on a square lattice",
      "support_size": 2,
      "local_units": 24,
      "task_p2": 2.3026257839260773,
      "exp_task_p2": 10.000406917599186,
      "k90": 449.0,
      "log10_k90": 2.6522463410033232,
      "k90_per_local_unit": 18.708333333333332,
      "terminal_support": 770.0,
      "labels_requested": 24,
      "labels_used": 24,
      "capped_labels": 0,
      "avg_terminal_terms": 32.083333333333336,
      "all_pauli_log10_k90": 9.587202370686724,
      "log10_k90_over_all_pauli": -6.9349560296834,
      "k90_over_all_pauli": 1.1615662111176375e-07
    },
    {
      "family": "two_dimensional_local_window_stress",
      "lattice_L": 4,
      "n_qubits": 16,
      "depth": 2,
      "task": "plaquette_xy",
      "task_description": "all transverse X/Y strings on each square plaquette",
      "support_size": 4,
      "local_units": 9,
      "task_p2": 4.027306725570953,
      "exp_task_p2": 56.10958904109589,
      "k90": 3621.0,
      "log10_k90": 3.5588285248170117,
      "k90_per_local_unit": 402.3333333333333,
      "terminal_support": 5976.0,
      "labels_requested": 144,
      "labels_used": 144,
      "capped_labels": 0,
      "avg_terminal_terms": 169.0,
      "all_pauli_log10_k90": 9.587202370686724,
      "log10_k90_over_all_pauli": -6.028373845869712,