subset,predictor,pairs,slope,intercept,coefficient_of_determination,pearson_correlation
all,global_operator_sre,900,0.5846355212826321,2.7019590733169823,0.23980919188194671,0.48970316711447465
all,task_entropy,900,1.3830030528603892,2.6052343750326257,0.8812445200786484,0.9387462490357278
n12_density_0.20,global_operator_sre,100,0.5111555907423169,2.776126407628663,0.10117334793338839,0.3180775816265398
n12_density_0.20,task_entropy,100,1.291674203380157,2.803418674803067,0.8967468608915495,0.9469671910322707
