subset,predictor,pairs,r2,bootstrap_low,bootstrap_high
all,global_operator_sre,900,0.23980919188194671,0.19864054438556294,0.28330173685993015
all,task_entropy,900,0.8812445200786484,0.861245284877041,0.8966528234079283
n12_density_0.20,global_operator_sre,100,0.10117334793338839,0.017270705147576566,0.2231902597515183
n12_density_0.20,task_entropy,100,0.8967468608915494,0.840263273786452,0.9308996443529435
