{
  "simple_clifford": {
    "depths": [
      1,
      2,
      3,
      4
    ],
    "median_c2": [
      1.3862943611198906,
      4.1588830833596715,
      6.931471805599453,
      9.704060527839234
    ],
    "median_log2_paths": [
      2.0,
      6.0,
      10.0,
      14.0
    ],
    "fit": {
      "slope": 2.772588722239781,
      "intercept": -1.3862943611198877,
      "r2": 1.0
    },
    "operator_magic_depth_4": 0.0
  },
  "brickwork_clifford_n2": {
    "depths": [
      1,
      2,
      3,
      4
    ],
    "median_c2": [
      1.3862943611198906,
      4.1588830833596715,
      6.931471805599453,
      9.704060527839234
    ],
    "median_log2_paths": [
      2.0,
      6.0,
      10.0,
      14.0
    ],
    "fit": {
      "slope": 2.772588722239781,
      "intercept": -1.3862943611198877,
      "r2": 1.0
    },
    "operator_magic_depth_4": 0.0
  }
}